message,label
" PLZ STOP bootydelious (32/F) is interested in connecting with you. Reply YES-434 or NO-434 to this message. View her profile here: www.SMS.ac/u/bootydelicious. To opt-out, send FRND to 62468.",spam
"Hello! My name is Sue, I'm 20 years old and work as a professional dancer. I enjoy meeting new people and having friendly conversations. You can reach me through text messaging, and I'm available to chat now. My number is 89555, and you can send me a message by typing 'SUE'. Have a great day!",spam
"Congratulations! You've been singled out as a winner and are entitled to a ¬£1000 cash prize or a 4-star vacation package, including flights. To claim your prize, speak to a live operator at 0871277810810.",spam
"Exciting news! Take That is coming back to the UK in 2007. Don't miss out on the chance to win VIP tickets and exclusive pre-booking access with our VIP Club. Text 'CLUB' to 81303 to enter. (Trackmarque Ltd, info@vipclub4u.com)",spam
"Your TONEXS subscription has been automatically renewed, and you've been charged ¬£4.50. As a subscriber, you have the option to select 10 additional polys this month. Visit www.clubzed.co.uk for more information.",spam
You can enter a weekly drawing to win ¬£100 of music gift vouchers by texting the word 'DRAW' to 87066. See terms and conditions at www.ldew.com. This is a skill-based game. Good luck!,spam
"We have attempted to contact you twice regarding your ¬£750 prize. You can easily claim it by calling this number: 087187272008. This call will only cost 10p per minute, which is the standard BT national rate.",spam
"We've been trying to reach you regarding your response to our offer of 750 minutes, 150 texts, and a new video phone call. Please contact us at 08002988890 immediately or reply to arrange for free delivery tomorrow.",spam
"Thank you for your recent ringtone purchase, reference number X49. Your mobile phone will be charged 4.50. If you encounter any issues with your ringtone, please contact our customer service department at 09065989182. Best regards, TXTstar",spam
You've received a new message. Dial 0207-083-6089 to listen to it.,spam
Congratulations! You have been selected as a valued network customer to receive a ¬£900 prize reward! Please call 09061701461 and provide claim code KL341 to redeem your prize within the next 12 hours.,spam
I have some risqu√© photos that were nearly banned in the UK. Would you like to take a look?,spam
Be the first to receive the latest Nokia tones every week! Simply text 'NOK' to 87021 and get your first tone for free. Share this offer with your friends and family. Each tone is only 150p. Reply 'HL' for more information.,spam
Unbelievable but true! Discover jaw-dropping facts with O2FWD's Incredible Txts. Reply 'G' now and prepare to be amazed. Only 18p per text.,spam
"Upgrade to the latest camera phone and enjoy four months of half-price Orange line rental. If you've had your phone for 11 months, call MobilesDirect at 08000938767 to take advantage of this offer. You can also text 'update' to stop receiving these messages.",spam
"Join The Mob's network and get your hands on a state-of-the-art mobile phone, along with heaps of other freebies! Send 'MAT' to 87021 for more details.",spam
Hello! Are you ready for a fun and flirtatious chat with our lovely SEXYCHAT ladies? Let's get the conversation started! Just text 'STOP' to opt out at any time.,spam
"Ready to level up your mobile experience? Check out our collection of ringtones, logos, and games at www.txt82228.com. Got questions? Drop us a line at info@txt82228.co.uk",spam
Humorous? Enjoy Spam? You could become a male escort. Join the UK's fastest-growing men's club by sending a reply to ONCALL at mjzgroup. Call 08714342399 to learn more. Messages cost ¬£1.50.,spam
"Take advantage of our incredible offer to call Germany for just 1 pence per minute! Simply dial 0844 861 85 85 from a landline phone to connect directly, with no upfront payment required.",spam
"Exciting news! You've won a guaranteed ¬£1000 prize. We urge you to get in touch with us. Dial 09064012160 and quote your claim code, K52. This offer is only valid for the next 12 hours, so don't miss out! 150 pence per minute.",spam
"Experience sizzling live fantasies now! Call 08707509020 for a 20p per minute service provided by NTT Ltd. Write to us at PO Box 1327, Croydon CR9 5WB. Dial 0870 for further details.",spam
"Claim your 250 free SMS messages now! Text 'OK' to 84025 and join Txt250.com for just 1.50p/wk. T&Cs apply, see BOX139, LA32WU. Remove txtX or stop.",spam
Hey there! I'm excited to meet someone who shares my interests. I'm looking for a consenting adult who enjoys a good time. Would you like to chat and see where things go? Let's keep the conversation respectful and enjoyable. Txt XXX SLO(4msgs),spam
"Hello! You've been invited to join XCHAT. This is our last message to you. To confirm your interest, please text 'CHAT' to 86688.",spam
Fancy a shag? I do.Interested? sextextuk.com/text-suzy. Txts cost 1.50 per msg. TnCs on website. X,spam
Interested in living a fulfilling life with your dream partner? Reply with your NAME and AGE to join our mobile community. (standard text rates apply),spam
"Don't miss out on our Christmas offer! Get the latest smartphones from Motorola, SonyEricsson, and Nokia plus a complimentary Bluetooth device. Also includes double minutes and 1000 texts on Orange. Contact MobileUpd8 at 08000839402 or opt-out by replying 'F4Q'.",spam
"Congratulations! You've won a Nokia 7250i in our complimentary auction. To participate and potentially win this fantastic prize, please send ",spam
"Get your phone ready for Halloween with our spooky collection of Nokia logos and picture messages. Plus, claim your FREE eerie ringtone by texting CARD SPOOK to 8007.",spam
88066 HAS LOST 3POUND. PLEASE CONTACT US AT 88066 TO CLAIM YOUR PRIZE.,spam
One message is currently being held for you. Contact us on 08718723815 to retrieve your message.,spam
"Enjoy double minutes and 1000 texts on Orange plans. Get the latest Motorola, SonyEricsson, and Nokia phones with Bluetooth completely free! Contact MobileUpd8 at 08000839402 or opt-out by calling 2HF8.",spam
"Hello! This is Mandy Sullivan from HOTMIX FM calling to inform you that you've been selected to receive ¬£5000.00 in our Easter Prize draw. Please claim your prize by calling 09041940223 before March 29th, or the prize will be awarded to someone else.",spam
"Someone has a crush on you! Uncover their identity by calling 09065174042. To opt out, send REVEAL STOP. Messages cost 1.50 each. Customer care: 07821230901",spam
"Your HMV Quiz account balance is currently ¬£500. To maximize your cash-in, send 'HMV1' to 86688 for just 150p per message.",spam
"Lyricalladie has sent you a friend request. You can accept by replying YES-910 or decline by replying NO-910. More details about her can be found here: www.SMS.ac/u/hmmross. To opt-out of future messages, send STOP FRND to 62468",spam
"Round 4 of the auction is currently underway, with the leading bid set at ¬£54. The next acceptable bid is ¬£71. If you're interested in placing a bid, send a message in the format BIDS, followed by the amount you'd like to bid (for example, 10 to bid ¬£10). Wishing you the best of luck in the auction!",spam
"Fancy freshening up your phone with a weekly new ringtone? Just reply 'TONES2U' to this message and visit www.ringtones.co.uk - the premier destination for ringtones! Each tone costs only 3GBP, and standard network operator rates apply.",spam
"You have been allocated 500 complimentary text messages. To trigger, simply send the word: CREDIT to the number: 80488. For full terms and conditions, go to: www.80488.biz",spam
"Congratulations! Your Voda phone number ending in XXXX has been selected for a ¬£350 award. To claim your prize, please call 08712300220 and quote claim code 3100. Standard rates apply.",spam
Claim your complimentary ringtone by texting the code ,spam
" Get your hands on a FREE camera phone with a convenient rental plan starting from just 4.49/month! Plus, enjoy 750 cross-network minutes and amazing 1/2 price text bundle deals. Don't miss this offer! Call 08001950382 now or simply reply 'optout' to unsubscribe.",spam
"This Valentine's Day, treat your partner to the adventure of a lifetime! Join our quiz and you could win over ¬£1000. Text GO to 83600 now. (Standard rate applies. Customer support: 08718720201)",spam
Confidential! Your 2003 financial statement reveals 800 unclaimed S. I. M. points. Please contact us at 08719899230 using the identifier code 41685 before 07/11/04 to redeem your points.,spam
"Could it be you? You might be the lucky winner of a ¬£10,000, ¬£5,000, ¬£500 cash, or ¬£100 travel voucher! Find out by calling: 09064011000. (Note: Cost: 150ppm mobile rates may vary.)",spam
"Hi Mila! Welcome to the UK! I'm looking to meet new people and have some fun. If you're interested in getting to know me, send a text to 69866.18 with the code MTALK. The first 5 messages are free, and then it's ¬£1.50 for each additional message. Can't wait to hear from you! Help: 08718728876",spam
"Live Fantasies - Call now! 08707509020. Just 20p per minute, National Rate Call. NTT Ltd, PO Box 1327, Croydon CR9 5WB",spam
Exciting news! You've been selected for a chance to win ¬£500 CD gift vouchers and free entry into a ¬£100 weekly draw. Simply text MUSIC to 87066 to claim your prize. T&C apply.,spam
"Congratulations! You have been selected as the winner of our ¬£2,000 Christmas prize. To claim your reward, simply call 08718726971 for only 10p per minute, as part of our national rate service provided by BT.",spam
Get your free ringtone by replying with the word REAL to this message.,spam
"Congratulations! You have been chosen as a winner to receive either ¬£1000 cash or a 4-star holiday package, including flights. To claim your prize, please speak with a live operator at 0871277810810.",spam
"For wap.mobsi.com, the monthly password is 391784. Kindly enter this code using your mobile device, not a computer.",spam
"We're eager to discuss the details of your response to our SMS regarding the video mobile plan with 750 minutes, unlimited text, and a free camcorder. Please call us back at 08000930705 as soon as possible.",spam
"Update: Your ringtone service has been modified! You now have 25 complimentary credits! Visit club4mobiles.com to select your preferred content. To opt-out, text 'CLUB STOP' to 87070. Standard rate of 150p/wk applies. Club4 PO Box1146 MK45 2WT",spam
"Prepare to be amazed! Our incredible text service will blow your mind. Reply 'G' now to start your journey of discovery. Costs only 18p/text, courtesy of O2FWD.",spam
Are you a music lover? You could win ¬£100 worth of music gift vouchers every week! Simply text the word DRAW to 87066 to participate in our weekly draw. Ts&Cs apply. Visit www.Idew.com for more information.,spam
Interested in connecting with like-minded individuals? Simply text your NAME and AGE to opt in! Enjoy the companionship (standard text rates apply),spam
Get your hands on Space Invaders 4 and stand a chance to win an original Arcade Game console. Press 0 for Games Arcade (standard WAP charge). Check out o2.co.uk/games for terms and settings. No purchase necessary.,spam
"Feeling rather drowsy, I plan to acquire that prize today itself.",ham
How have your children been behaving this week? Is it time for a coffee break already? I can't believe how quickly the week has passed.,ham
Hello! I'll be at your location when I arrive. Can you please confirm the address and estimated arrival time?,ham
"Feel free to come over whenever it suits you. By the way, would you mind inviting Vikky to join us when she's free? Looking forward to seeing you both!",ham
That comes across as aggressive and uncalled for,ham
"If I'm really that desperate, I'll just contact Armand again.",ham
Please let me know if there are any errors on my part. I apologize for the mistake. Please go see a doctor.,ham
Back in Birmingham! I'm grateful for your hospitality and taking care of us during our visit. Look forward to seeing you soon!,ham
I'm unable to text and drive safely at the same time. I'll see you in 20 minutes.,ham
I'll touch base later. Sorry for the inconvenience.,ham
"Life is uncomplicated, love is uncomplicated, laughter is uncomplicated, and winning is uncomplicated. But, being genuine and humble is a challenge. :):-)",ham
Do you know of anyone who can teach me the process of shipping cars?,ham
"Okay, I understand. Please send me a message before calling.",ham
"Alright, no problem",ham
We'll take the &lt;#&gt; bus,ham
"Unfortunately, my computer has malfunctioned due to my roommates' negligence. The only irreplaceable part has been damaged, and the computer is now inoperable. This is extremely frustrating, especially since my roommates are responsible for the problem.",ham
Would you like to attend a class on mobile app development?,ham
"I find that interesting. As a refined individual, I will always treat you with respect and kindness.",ham
"That's great to hear! See you on Sunday, then.",ham
"Are you planning to stay out for dinner tonight? If so, can you let me know by 4 pm?",ham
"When did this start, which side of your body is affected, do you have a fever, have you vomited?",ham
I'll double-check all the rooms before we start any activities.,ham
"It was great to see you recently, I've been thinking about you a lot lately!",ham
Feel free to choose the option that best suits your needs,ham
"Please call him immediately, as requested",ham
"I'm currently on public transportation, but my love for you remains constant. Looking forward to seeing you when I get home.",ham
I transferred &lt;#&gt; dollars to you,ham
"I see. Well, acquiring a system administrator or network administrator role would certainly be a desirable career advancement. However, it's essential to note that changing fields rapidly might be challenging, especially in a highly specialized industry like IT. Perhaps you could start by gaining relevant certifications, networking with professionals in the field, and looking for entry-level positions that align with your career aspirations. Additionally, tailoring your resume and cover letter to highlight transferable skills and relevant experience might also be helpful in making a successful career transition.",ham
"Hello Elaine, I wanted to confirm whether the meeting scheduled for today is still taking place as planned.",ham
That's not necessarily respectful,ham
"Okay, thank you. Have a great day!",ham
"I'm glad you're interested in my job! However, I'm not sure what you're asking. Could you please provide more context or clarify your question?",ham
"Haha, they're clueless about my fantastic phone. I can choose to delete their message whenever I feel like it.",ham
I'm at the office right now. What's up? Shoot me a message and I'll give you a ring during my break. :),ham
"Do you have the Christmas radio times? If not, I can acquire them for you immediately.",ham
"Hello there, hope you're having a fantastic month! Just wanted to drop you a quick 'hi' from Abiola. Take care!",ham
While the Blu-ray player is capable of...,ham
Please call; I'm in the office,ham
Was the farm accessible to visitors?,ham
"I agree! Cranky old folks can be quite a handful. My mom was skeptical too, but I'm the one who loves playing pranks...",ham
"I currently have $ &lt;#&gt; , but I can obtain more later. Feel free to take whatever you'd like",ham
"He ended up backing out. He sent me a message saying he'd be late and would call me, but I never heard from him again.",ham
"I don't see the item I want to purchase online, so I asked about it.",ham
"Hey Mr. [Name], I'm heading to the sea view and playing a few games! Give me a call when you're done.",ham
What part of Abuja are you currently located in? Are you staying with your father or living independently?,ham
"Okay, what are your plans for today?",ham
"I'm heading to a restaurant now, have a good evening!",ham
Mum's apology came too late.,ham
I heartily appreciate all the birthday wishes I received from you. Your thoughtfulness has made my birthday even more special.,ham
It's perfectly fine to have someone on your mind. There's no need for drugs in that situation.,ham
I'll likely stop by in a little while,ham
"Thanks for the offer, but my birthday has already passed.",ham
How long does Applebee's usually take,ham
I'll swing by your place at around 5:15 pm to head to Taunton if you're still interested in joining me.,ham
You must walk at least 3 miles every day.,ham
Sounds good! I'll shoot you a text when I'm on my way.,ham
Can you please provide me with the current price of the BlackBerry Bold 2 in Nigeria?,ham
"I've returned. I was held up due to an accident on the A30, which required a detour through Wadebridge. Despite the delay, I had a fantastic weekend. I'll be in touch soon. Sending lots of love.",ham
" said kiss, kiss. I can't help but fawn over him! He's absolutely stunning, don't you think? The kind of person who can turn anyone's frown upside down with just one smile! ",ham
"I believe I'm waiting for the same bus as well! Please let me know when you arrive, if you ever manage to get there.",ham
Whatever...,ham
You've consistently demonstrated exceptional intelligence and insight.,ham
"Great, I'll arrive in a minute",ham
I'm currently in a film. Can you give me a ring for what's up? üòâ,ham
"Thank you for inviting me to dinner. Unfortunately, some of my friends find the location too far. Weiyi won't be joining us, and I'm still deciding about the rest. If you're going ahead with dinner, I might be able to join you later.",ham
Good job! Be prepared and ready to go on Thursday.,ham
"Dear, I have reached my destination safely. Thank you for your help.",ham
Just wanted to let you know that I'll be leaving my house soon. You can reach me on my cell if you need anything before I head out.,ham
"Although I've recently developed a preference for large-faced watches, I must say that the watch you gave me is quite impressive. It's truly a reflection of your thoughtfulness and generosity. Thank you for everything you've done today, I'm deeply touched.",ham
We're planning on purchasing some tacos,ham
"Good point. But...shouldn't you be focusing on driving instead of texting? Just saying, I'm not going to cover your traffic ticket, okay?",ham
"I'll be gentle, my love. Soon you'll be able to take all &lt;#&gt; inches deep inside your tight pussy, making you feel loved and satisfied.",ham
Interesting! Sometimes slow and steady. Other times rough and intense :),ham
Don't miss the bus! It departs at &lt;#&gt; .,ham
You're welcome. How's your day going so far?,ham
"My loved ones, including my parents, children, friends, and colleagues, were all shouting 'Surprise!' as I sat on the sofa waiting... and I was in a state of undress!",ham
"Wow, so you're expected to perform, write a paper, watch a movie, and still be home by midnight? That's quite a challenge!",ham
"I believe we agreed on a 2-hour time frame, not 3. You're running late, and I'm disappointed. How can I hold you accountable for this?",ham
I'm exhausted. I've had a few restless nights lately.,ham
I am currently en route to your residence,ham
"He's in a league of his own, with no one else even coming close.",ham
Did you get that person's story?,ham
"We opted not to go out, and I didn't make an effort",ham
"Kindly check your Yahoo inbox, we have sent some photos to you yesterday",ham
How's my darling doing? What's keeping him away from his beloved Queen? Doesn't he long to hear my voice and feel my presence? Miss me terribly?,ham
"Are there any available TA positions? I'm in urgent need of a job, so please do inform me if there's an opening.",ham
"I'm in urgent need of purchasing a BMW car, but I'm facing a shortage of &lt;#&gt; lacs. Unfortunately, I don't have any sources to arrange this amount. &lt;#&gt; lacs is my problem.",ham
What was the bank's response regarding the funds?,ham
I visited the project hub,ham
"Exciting news! My parents are getting a new car and house, and I've landed a new job. Can't wait to start this new chapter in life!",ham
"Wishing you a joyous birthday celebration and a year ahead filled with love, laughter, and unforgettable memories. May all your dreams come true!",ham
It was great to read your message. I'm looking forward to your departure. Congratulations! What are your plans and which school will you be attending?,ham
"Oh, my! I think I'll search for nearby cliffs on Google now.",ham
"I only had a few hours before my haircut appointment, so I decided to check my email real quick.",ham
I am aware that my friend has already informed you about this.,ham
Hey friend! I'm thinking of having dinner at Long Beach tonight. Are you available to join me?,ham
I don't understand what you're trying to say.,ham
Do you really think I'm that terrible that you have to avoid me like the plague?,ham
"I don't have Alex's number, and I'm still trying to come up with a polite way to ask him out.",ham
"Interesting, I recall the occasion when we introduced someone to diesel for the first time and they had an unforgettable experience:V",ham
"Next, move on to step 2. Congratulations once again.",ham
"Sure thing! I'll check the schedules and get back to you with the details. By the way, Xuhui will also be taking a lesson on May 2nd, starting at 8am.",ham
Hi! How was your week? Would you like to grab a drink or do something together later?,ham
Kindly refrain from discussing this topic further. My apologies for bringing it up.,ham
"My physician has prescribed morphine due to inadequate pain relief from previous medications. I'm awaiting my mother's arrival with the prescription, and I expect the medication to take effect quickly, allowing me to be online later.",ham
Please call me immediately. What happened?,ham
"Great, is it going to happen soon or later tonight?",ham
"Excuse me, I didn't quite catch that.",ham
"I've already shared the story with g and iouri ten times, but I'll be happy to share it with you again",ham
"‚Ä¶ and don't worry, we'll have completed the project by March, or at the latest, by the end of the month.",ham
"Is it just me, or does everyone else not creep on people's profiles?",ham
"I'll send a text now, in a subtle way so he won't suspect that we forgot",ham
All they're doing is talking. They won't do anything else.,ham
"A historic occasion in India! For the first time ever, 'Need', 'Comfort', and 'Luxury' are available at the same price. Check out these incredible deals: Onion - Rs. &lt;#&gt;, Petrol - Rs. &lt;#&gt;, Beer - Rs. &lt;#&gt;, SHESIL - Rs. &lt;#&gt;",ham
Consult with a neurologist.,ham
I have informed Gautham of your contact number.,ham
"Just wanted to let you know that I'm currently staying with my parents in South Tampa, so we may need to arrange the deal at an alternative location.",ham
"Oh, UV radiation can cause mutations, so sunscreen is absolutely essential these days.",ham
"Wishing you a Happy New Year! I hope you don't mind me asking, but could you please share the tuition amount you paid last semester and the current semester? Many thanks.",ham
"As of now, I don't have any specific plans in place for after I join the company on January 5th. I'll have to wait and see what the future holds.",ham
Could you please provide the answer for the BSLVYL code sent via fullonsms.com?,ham
"I'm not at home right now, can you please leave a message?",ham
"We'll talk about it later, okay? Can you pick me up at 4 pm?",ham
"Dearest! I've been thinking about you since you left for Zaher's. Your message put a smile on my face, but I can't help feeling a little down that you're gone. Missing you lots",ham
"What's up? I thought you were going to call me. Please text me back, love K.",ham
How is the watch resizing going?,ham
"Oh, I see. I noticed him as well, but I didn't realize he didn't see me. I found a group and joined them instead...",ham
"I concur. Now that we've settled that, can you inquire about the iPad with Macho as well?",ham
"Feel free to contact me whenever you're in the area, as I'm always looking for an excuse to visit Sarasota and do some people-watching.",ham
I still need to purchase a car and have not taken my driving test yet.,ham
Sitting here enjoying my favorite show. Just landed a new job and feeling grateful! :)),ham
"Okay, I understand. I asked because I know two people named Siva and wanted to clarify which one you were referring to.",ham
My uncles are in Atlanta. Wishing you all a fantastic semester.,ham
"Hello, this is Yijue. I was hoping to schedule a meeting with you tomorrow at 11 am. Would that be possible?",ham
"Could you please provide me with the details of the event on Friday when you find out? I won't be available on Tomorrow or Friday, and there will be a Chinese dinner involved. Thank you.",ham
"Profound Insight! The power of love is palpable - our heart soars with joy when someone is in it, but it sinks with sorrow when they leave. Wise words to ponder - wishing you a wonderful morning!",ham
What are you up to at the moment?,ham
That's great! I've visited 4u a couple of times too. Who's joining us this time?,ham
"I'll get in touch with you later when I have better network coverage. If it's urgent, please send me a text message.",ham
Warmest congratulations on your recent achievement! May this recognition bring you joy and happiness as you continue on your journey. Wishing you all the best on your future endeavors.,ham
"When you're hurt by someone close to you, don't suppress your feelings. It's important to address the issue, as silence can damage the relationship. Have a good evening!",ham
Mom. Did she mention anything?,ham
"I will arrive at the office around &lt;DECIMAL&gt;. Unfortunately, my mobile phone is currently experiencing technical difficulties, so you won't be able to reach me by voice call. Kindly try calling me when I'm free.",ham
Great! Do you think we can plan a visit to USF tonight and try to get an 8th?,ham
"Milestones and memories may share the same letters, but they differ in meaning. The smile on your face brings me joy, even when we're miles apart. Keep smiling, and have a good night! üòä",ham
Sorry to hear that you're still feeling the effects of last night. It can be tough to get up for work after a late night. Hope you're able to shake off the fatigue soon.,ham
"Hello, my dear. I hope this message finds you well. I'm thinking of you and wishing you success in any interviews you may have. I'm currently awake and feeling a bit lonely without you. Sending you a warm and affectionate kiss from afar.",ham
"I'm interested in knowing if you're considering buying something from me, so I'm asking you...",ham
Are you feeling tense? I'm here to help. Is there something specific that's causing you stress?,ham
"I'm doing well, thanks for asking. I'm planning to finish the course by the end of next week.",ham
"Hey there, hope you're doing great! I've been trying to reach out to you, but it seems like your phone is always off. Missing you lots, please get in touch when you can.",ham
"What makes some people dearer is not just the happiness you feel when you meet them, but the pain you feel when you miss them!!!",ham
"I was also quite tired, but I wanted to have a few drinks. I was planning to meet some others at Spoon, but I ended up staying home and watching Planet Earth instead. The sofa was very comfortable, and I didn't make it out. Have a good night!",ham
Mystery unraveled! I just accessed my email and received another batch from him. He's truly a thoughtful individual.,ham
"You'd better invest in some anti-aging products, lol",ham
Is it possible to not be able to?,ham
Carlos estimates he'll arrive at mi in less than 10 minutes,ham
"I'm currently present in the chat and can see your messages, but it seems you're unable to see mine. It's possible that a system glitch is causing this issue. Have you tried restarting your chat window? I've noticed that sometimes a simple reboot can resolve connectivity problems.",ham
"Sir, you will receive the account information within the next hour. Apologies for the delay.",ham
When do you plan on taking your bike for a spin?,ham
"Sometimes, but not often, like that.",ham
"I've repeatedly reminded you all to laugh on stage, yet you never seem to listen. Ah well.",ham
"Okay, I see. It sounds like they suspect you may have impacted wisdom teeth that need to be removed.",ham
I'm unable to think of anyone with an available spare room at the moment.,ham
"I'll be there tomorrow, see you then!",ham
Feel free to inform anyone who asks about me that everything is fine. Just say: '-P',ham
"I believe you can utilize your GT ATM to complete the registration process at this time. If you have any questions or need further assistance, feel free to reach out to me. Additionally, ensure that you are fully prepared before proceeding.",ham
We have successfully refilledyour prepaid KeralaCircle account with INR &lt;DECIMAL&gt; . Your updated balance is Rs &lt;DECIMAL&gt; . The transaction ID for this refill is KR &lt;#&gt; .,ham
"Well, that's unexpected. It's time to make some calls and figure this out.",ham
"Life's beauty lies in its unpredictability, full of hidden secrets and endless possibilities. Here's to wishing you a life filled with countless wonderful moments and good night!",ham
"No phone calls, messages, or missed calls are allowed during the exam.",ham
"It's up to your personal preferences and what your stylist advises, but my parents think it looks nice. I'm not sure what she's collecting though.",ham
Good morning! Hope you're all doing well today. Anyone else feeling a bit under the weather this morning? ü§ï,ham
I am delighted to be your princess! I would love to hear your thoughts about me. :).,ham
Wishing you a happy new year! I hope you're doing well. When and where can we catch up?,ham
"You're going to the gym tomorrow, I'll arrive late. Goodnight.",ham
My job role seems similar to that of a business process outsourcing (BPO) professional.,ham
Getting prepared to head out the door.,ham
"Good morning! Regardless of how we feel about the past, one thing's for sure - it's gone forever. Have a great day!",ham
Which channel are you interested in? üòÑüòÑüòÑüòÑ.,ham
What type of &lt;#&gt; reunion?,ham
It won't be until 2:15 PM as I'm currently trying to sort out some issues at home. Is that acceptable?,ham
I'll have to take a break from gaming to check the latest Steam sales and use the restroom. Please text me when you're ready for me to pick you up.,ham
"Despite your best efforts to avoid conflict, you may still encounter difficulties when trying to convince someone. In such cases, it's best to communicate your message clearly and then disengage from the conversation. Avoid responding to further messages or engaging in a prolonged exchange.",ham
Oops my bad... I was so engrossed in the TV show that I forgot to check my phone.,ham
"Sure, I'll be leaving in a few minutes and will let you know when I arrive.",ham
I am also eagerly anticipating the intimate moments we'll share... Just two more nights until we can finally be together.,ham
"I miss you a lot, and that's why everything is missing. This message was sent via fullonsms.com on [insert date]. From, [insert name]",ham
Oops! I inadvertently erased your message. Please resend it.,ham
"Inspiring query with an adorable response: A person inquired about a boy's well-being, and he cheerfully replied, 'She's doing great!' Goodnight.",ham
What about your experiences? What do you recall?,ham
That's great to hear! I appreciate your entrepreneurial spirit. Keep up the good work!,ham
I'm feeling down because you're not here with me right now.,ham
Happy birthday! I hope your day is filled with joy and celebration. Cheers to another year of life! üéâüéÇ,ham
Let's connect at home so we can chat whenever we want,ham
"I believe that should be enough. We've got the conclusion and content pages, and I'll handle the content page and cover page.",ham
I struggle to have faith in God and Jesus.,ham
Share your Valentine's Day plans with your friends by visiting &lt;URL&gt;,ham
"How are you, my dear? Have you been reunited with your brother? It's time to practice speaking English with him! üòÅ Say: Hey Muhammad, Penny sends her greetings from afar",ham
"I have prepared a sumptuous salmon dish, just the way you like it",ham
I'm ready to move on from this conversation now...,ham
"Ugh, it just seems like one thing after another! My poor cat has worms üòî. When will this never-ending day finally come to a close?",ham
Just finished watching an episode of Days of Our Lives. I thoroughly enjoyed it.,ham
"Hello my dear, it was pleasant to read your message on YM and receive your timely response. Your quick thinking is impressive, my sweet companion. Enjoy your coffee while I prepare for our next conversation.",ham
"Sorry, I'm swamped with work and don't have time to help right now. Please try to find another way to resolve your issue.",ham
"I purchased the item before New Year's Eve as a surprise for you, but when I didn't receive payment, I had to return it in mid-January, before the return period ended.",ham
"You have to call him right now, in front of everyone. Dial his number immediately.",ham
"Poyyarikatur, Kolathupalayam, Unjalur Post, Erode Dt, &lt;#&gt;.",ham
It seems like we've been having a string of lackluster weekends lately.,ham
Feel free to contact us at any time...,ham
"It doesn't matter to me what others think, and I certainly don't mind. My friends are all that matter!",ham
"It seems like you only have negative feelings towards me. Despite my numerous attempts to reach out, you haven't responded to any of my calls or messages.",ham
"The happiest friends in the world don't necessarily share the same personalities or interests, but they do have a deep understanding of each other's differences, and that's what makes their friendship so strong.",ham
"Yes, it's located at Paragon. I haven't decided whether to cut it or not. Hee...",ham
"Mum, I hope this message finds you in good spirits and full of energy. Wishing you a fantastic day. Best regards, Abiola",ham
"Japanese Proverb: When someone can achieve something, you also have the potential to do so. If no one can accomplish it, then it's up to you to take charge. Indian Version: If someone can do it, let them handle it. If no one can, then it's best to leave it be. Kerala Version: If someone is capable of doing it, prevent them from doing it. If no one can, organize a strike to resist it.",ham
I'll get in touch with you later. I'm in a meeting right now.,ham
"No problem, I'm available now. Let's chat.",ham
It's time to wake up and start your day.,ham
"I'll touch base with you later, sorry for now",ham
Are you intending to visit Chennai?,ham
I'm currently en route,ham
I'll be there on [Date] okay.,ham
What genre of music do you specialize in?,ham
Hi! I missed your call and my mom accidentally spilled red wine all over the place. Can you please provide your address so I can send you a replacement?,ham
This is my contact number: +919718616880,ham
Just some casual messaging here. How's life going for you?,ham
"Sure, no problem. Just keep in mind that a friend in need is a friend indeed.",ham
"Dear Ahmad Saeed al Hallaq, I am longing for your presence. I yearn for your affection and miss you deeply. My love for you is unwavering.",ham
"A man was found dead on December 21st at 2 PM. The police questioned multiple people, including the victim's wife, cook, gardener, housekeeper, children, and neighbor. The wife claimed she was sleeping during the time of the murder, while the others reported they were engaged in various activities. Based on their statements, the police immediately arrested the murderer. Can you identify the killer and explain your reasoning?",ham
Your salary is &lt;DECIMAL&gt;  hundred thousand rupees. Congratulations!,ham
I won't be attending the theater tomorrow. I'm available to meet whenever and wherever you'd like. Please let me know the time and location.,ham
"She's doing well. It's great to hear from you. How have you been, my dear? Happy New Year.",ham
"Oh, I thought you said she now still doesn't believe.",ham
I'm finding it difficult to fall asleep.,ham
"I just told you 420, my friend.",ham
"Please provide me with the correct name, thank you.",ham
My heart is filled with love for you. Every day we spend together is a thrill. You bring so much joy to my life.,ham
"It's my belief that your mentor is , but I can't say that with absolute certainty",ham
"One day, a crab was scurrying along the seashore. The waves washed away its tracks, leaving the crab confused. 'Why are you erasing my beautiful footprints, my dear friend?' the crab asked the waves. The waves replied, 'I'm trying to protect you, my dear. A sly fox was following your trail to catch you. But don't worry, I've got your back. That's what friends are for. Good night, my dear.'",ham
Wishing you a speedy recovery! Take care and get well soon.,ham
Did you remember to charge your camera?,ham
Technical support specialist for networking.,ham
"Hurry home, my dear. If you're on a call, kindly end it as soon as possible. The food is ready, and I'm famished. No need to inquire about the menu.",ham
Okay. I will come tomorrow,ham
"Dear friend, I recommend taking a direct bus to Kozhikode (Calicut) for your upcoming trip. It's the most convenient mode of transportation and will save you time and energy. Have a safe journey!",ham
"It can perform basic calculations, but not percentages.",ham
"Hannaford wheat chex, eggs, bread, jam, and garbage bags",ham
"Apologies for the delay, but I must retrieve the laptop now. See you soon!",ham
Guptill and Sehwag have been omitted from India's One-Day International squad.,ham
I don't want to hear philosophical discussions. Just tell me what happened.,ham
It seems that he has retired.,ham
Is a smaller capacity option available? I'm quite excited...,ham
It's time for a press conference now; let's go! :),ham
"Wishing you a joyous Christmas season, my love. Sending you lots of kisses *smooch*.",ham
"Prabha, I apologize sincerely from the bottom of my heart. My apologies for any inconvenience caused.",ham
"Smile for me now, and let the world wonder what's behind your joy. *grins* Keep them guessing, and they'll stay out of your way.",ham
"I'm doing well, thanks for asking. How about you?",ham
"Naturally, I have also shared some songs",ham
Look up 'total video converter free download' in Google to find the best tools for converting your videos:),ham
It's a way to assess your cognitive abilities,ham
You're invited to a fun event! Come and join us at 25th street on Saturday at 5 PM.,ham
Haha... I don't believe how quickly I lost weight! I only went for a month and the effects are still lasting. I'll definitely put back on weight by next month.,ham
"Thank you, my dear. I'm unsure whether I should go with the torch or the bold font for this design. Could you please help me decide?",ham
I have ten dollars and Jay is being evasive,ham
"I understand. Once we've completed our work, we'll have multiple loans to settle.",ham
"Your smile brings me joy, your tears evoke my compassion, your heart is a source of inspiration for me. I will always cherish and care for you, my dear friend, forever and always.",ham
I can't help but laugh at how well you know me...,ham
Ranjith called Deeraj and Deepak and had a 5-minute conversation.,ham
Recall that fateful day when...,ham
"Hey team, could we arrange to meet at the Sunoco gas station on Howard Street? It's conveniently located along the way.",ham
At what time should I inform my friend to be available?,ham
Hello my dear! I hope you're having a wonderful day and making progress on your job search. You're always on my mind and in my heart. Sending you a warm and loving kiss from afar.,ham
We've arrived! Our estimated time of arrival at Taunton is 12:30 pm as planned. Is that still convenient for you? It's great to see you! üòä,ham
"Meet at the Kate Jackson Recreation Center before 7:00 pm, okay?",ham
"If you don't arrive within the next &lt;#&gt; hours, I'll lose my temper",ham
"I'll reach out to you later, sorry for the inconvenience",ham
"Apologies for the delay, we're en route",ham
"Congratulations Lou! It was a great night, too bad you couldn't make it. See you next time, Gail.",ham
Meet us at the intersection of Bruce B Downs Boulevard and Fletcher Avenue. Let's make a deal!,ham
"Mommy loves you very much, my dear.",ham
"Okay, here we go again with the bag.",ham
"How are you doing today? I hope you're having a productive day. I were thinking about you and almost called you at 4:30 am last night. I'm glad I didn't, though.",ham
"Chinese takeout is en route. As soon as I start gaining weight, you'll be footing the bill for my lipotomy.",ham
I also came to the room.,ham
Uncle Abbey! Wishing you a joyous and prosperous new year. Abiola,ham
"Reach out to her via text message. If she doesn't respond, kindly inform me so I can assist with her login details.",ham
"Okay, I understand... Please provide more information so I can assist you better",ham
"How does it feel to have someone special in your life? Even though we don't always get to play together, you're still my Valentine and I'm grateful for that.",ham
I'm currently in school and will be in the laboratory working on some projects. Please feel free to call me when you're finished.,ham
"I understand that you're going through a difficult time, and I want to offer my support. You're not alone, and I'll be thinking of you. Keep going!",ham
Five-night stay at Port Stephens? Sounds like an amazing adventure! Let's book now and make some unforgettable memories.,ham
The ceiling repair team has finally arrived.,ham
Please turn on your phone as soon as possible.,ham
"The rain seems to be getting heavier. If it were just a drizzle, I could at least make a run for home.",ham
I'm providing technical assistance via voice communication.,ham
"Goodnight my love, I miss you dearly.",ham
Are you certain you cannot take any sick leave?,ham
Why are you looking so good? You're making me smile ;-),ham
Did you take a look at what I shared on your Facebook wall?,ham
Your father is back in the Philippines?,ham
The eastern seaboard,ham
Are you attending today's meeting?,ham
I managed to get some rest for the first time in a while. I went to bed shortly after our conversation. I woke up feeling refreshed at 7 a.m. How was your night?,ham
"We're not watching a movie right now. Xy wants to go shopping, so I'm accompanying her to the store.",ham
I didn't have much interest in first-person shooter games at that time.,ham
"I'm also looking forward to watching the Surya movie. By the way, have you heard that Vijay's movie 'Pokkiri' is coming out at 6 pm?",ham
"I'd like to request a custom discount for officers, please.",ham
"Heads up! If you hear a loud scream in about &lt;#&gt; minutes, it's probably because my gynecologist is performing a routine procedure involving the insertion of medical instruments. It's nothing to be alarmed about.",ham
"Not tonight, I'm taking a rain check. Got some zzz's to catch up on. And, FYI, this is my new contact info.",ham
I don't think that's appropriate. What about the guys?,ham
I'll verify that information for you. Let me check online and get back to you.,ham
"I'll call you tomorrow at 9 PM. My address is 123 Main Street, but please don't share it with that annoying American freak, Jen.",ham
"Great, are you at your location now?",ham
I'm located at the Esplanade. Would you be able to give me a ride? I don't have access to a car today.,ham
What do you think of me? Here are some adjectives to choose from: 1. Over 2. Jada 3. Kusruthi 4. Lovable 5. Silent 6. Special character 7. Not matured 8. Stylish 9. Simple. Please let me know your opinion by replying with the corresponding numbers.,ham
Can you guess where I am? I'm feeling as cheerful as a pig in a field of clover! üç∫üòÑ,ham
"It doesn't matter; I don't have any interest in that! I require your assistance urgently, my dear.",ham
"Hey there, are we opting for a low-key lesson or hitting the gym today?",ham
Can you explain the concept of 'hex' you refer to? I'm not sure I understand.,ham
Do you mean to suggest that I am a dirty fellow?,ham
I just finished my lunch on the way home. I thought you didn't want to stay in school today...,ham
Is the grinder still available?,ham
"Take care, my friend! I ran into Dave recently, and he's doing well now. I'm still with my partner, and my mom still thinks we'll get back together someday. By the way, when are you planning to find a girlfriend, buddy?",ham
Hey there! How about we catch the latest X-Men movie and grab some lunch? Sounds like a fun day out to me! üòÑ,ham
"While we were baking the chocolate brownies, my sister concurrently prepared some delicious cookies. I captured some photos of them.",ham
I'm currently watching 'The Lord of the Rings' with my sister. Would you like to meet up for dinner tonight?,ham
"Oh, are you taking the bus?",ham
"Despite my efforts, I haven't been able to get in touch with him",ham
"What's up? It's still early. How about we grab dinner instead? I'm not sure, what do you think?",ham
"Are you free and interested in meeting up? If we meet, we can go to my place.",ham
"Don't worry, I'll take care of purchasing the ovulation test strips and sending them to you. You won't receive them until March, but don't worry, everything will be okay. Please send me your mailing address.",ham
"Shall we pool our resources and purchase several lottery tickets? If fortune smiles upon us, I receive &lt;#&gt; % and you get &lt;#&gt; %. Interested?",ham
I'll do the same if everyone else does.,ham
I inquired about Anthony's well-being. Your boyfriend and your father.,ham
"Somewhere under the moonlit sky, a person is thinking of you and dreaming of a place where anything is possible. Goodnight and may your dreams come true.",ham
Hello! I'm thrilled to announce that I've just retrieved my vehicle.,ham
"I'm feeling ravenous and can't help but salivate over this scrumptious pizza in front of me, yet I'm unable to indulge due to the restrictive medication I'm taking.",ham
I'm in New York City for auditions and looking to relocate here permanently.,ham
"Haha, love being a girl despite period cramps üòÇ",ham
What student discount can you get on books?,ham
May the snow fall abundantly. May it bring people together and foster the growth of lasting friendships.,ham
"I didn't intend to send that message. I wrote it when I was feeling angry and sat on it for a while, but didn't end up sending it. However, I understand that it still expressed how I was feeling at the time. I'm sorry if it came across as insensitive. My apologies for not being more helpful earlier. Perhaps next time, instead of sending a message, I can assist you with household chores like laundry or making the bed.",ham
I desire to have a deep connection with you every evening...,ham
Meet at 8 PM at the latest. I'll bring my Ak47 if you can bring some ammo and want to try it out.,ham
Could you kindly provide me with my aunt's phone number?,ham
"Hi! I hope you enjoy the holiday pictures. I wasn't thrilled with how they turned out, so I had to take some out. How's the Camp America experience going? Talk to you soon, Serena!)",ham
Hui xin is located in the library.,ham
"Oops, I almost forgot to mention that I can access Yoville on my mobile device.",ham
"The best option is cheap and delicious food, but it depends on whether you want to eat Western or Chinese cuisine. Let me know your preference.",ham
"I don't understand. Can you repeat your question? Anyway, if you go to NUS, you can specialize in whatever you want.",ham
"When you love someone, don't expect them to love you as intensely in return. Instead, love them unconditionally, making them feel unique and special, and they will only want to be loved by you. Goodnight.",ham
Please share where you encountered this message,ham
"You're on my mind, and I'll be looking forward to hearing from you whenever you have the chance to text. I hope everything goes smoothly tomorrow.",ham
That's strange because I'm certain I had it in my possession at some point,ham
"Yes, certainly. Is there a specific product you'd like to purchase from my office?",ham
"I see, keep me updated on any future plans or activities",ham
This is what the Wright Brothers did to make their historic flight.,ham
"Hey there, my love! üòç I'm feeling a bit lonely without you. Wishing you were here to keep me company and cuddle up in bed. Missing you lots! ‚ù§Ô∏è",ham
"She informed HR that he was interested in a transfer to Chennai, where he is currently working.",ham
"Love isn't a choice, it's an emotion. If we had control over who we love, life would be less complicated, but also less enchanting",ham
"You're coming to pick us up, right?",ham
"Although I've stopped using it, I only spend a few minutes on it each day.",ham
"Sounds great! If you're certain, that is. You choose the activities: drinking, dancing, eating, movies, indoors, outdoors, or something else? The decision is yours!",ham
Have you commenced your journey in Skye?,ham
"Sure, I'll message you when I'm prepared",ham
"All right, I'll be here when you return home. Adeline and I are currently working on some art projects.",ham
No way! Vijay is going to make an appearance on Jaya TV.,ham
Are you planning to go out tonight? Let me know if you need any suggestions for a fun night out.,ham
"Please ensure that she drinks the water slowly, or she may experience nausea and vomiting.",ham
Can you please provide the model number of your phone?,ham
I'm so glad that we were able to get a grant for our community project. Now we can finally start making a difference in our town!,ham
"Take a look at these watches. I think this one is quite nice, but I'm not sure. It's priced at $116, but I'd like to get your opinion before deciding.",ham
"Sorry, I just arrived home moments ago. How can I assist you now?",ham
"Apologies for the delay, is it still possible for me to stop by now?",ham
I'll contact you later during the meeting,ham
"Sounds like your car's exhaust system needs some attention. The center part needs to be replaced, and I've already ordered the necessary part. I'll take it to the garage tomorrow morning for repairs.",ham
"We thought you might be interested in knowing that we went to Mount Faber yesterday. Unfortunately, we won't be able to go out today, but feel free to call us if you'd like to chat.",ham
Are you eating lunch alone? I'm feeling rather bored right now...,ham
"I believe I am bothering her, though",ham
"Only a select few students (2%) were able to solve this challenging CAT question: 5+3+2=x, 9+2+4=y, 8+6+3=z. Can you figure out the answer to 7+2+5=? Share your response if you're confident in your mathematics skills. Hint: There's only one correct solution.",ham
"It seems like she's in a good mood. She was curious if you wouldn't greet her, but she's now smiling. So, how have you been handling the long distance?",ham
Embrace kindness and let your actions speak for themselves. Don't feel the need to broadcast your good deeds. Have a wonderful morning!,ham
Is she responding? Has he switched phone numbers?,ham
